	Viewed	Search type	Result type
(40493, 9)	Viewed	Workspace	Results
(44229, 10)	Viewed	Keyword	Results
(26924, 6)	Viewed	Part	Saved
(2016, 3)	Viewed	Workspace	Results
(39340, 12)	Viewed	Part	Results
(12305, 79)	Viewed	Workspace	Results
(21182, 7)	Viewed	Workspace	Results
(27168, 16)	Viewed	Part	Results
(39643, 3)	Viewed	Part	Results
(13664, 13)	Viewed	Keyword	Results
(39278, 13)	Viewed	Workspace	Results
(43501, 2)	Viewed	Workspace	Results
(36989, 4)	Viewed	Workspace	Results
(5595, 2)	Viewed	Part	Results
(197, 14)	Viewed	Workspace	Results
(10040, 5)	Viewed	Keyword	Results
(41089, 23)	Viewed	Part	Results
(16086, 10)	Viewed	Workspace	Results
(5234, 1)	Viewed	Keyword	Results
(44770, 22)	Viewed	Workspace	Saved
(16027, 10)	Viewed	Part	Results
(10697, 5)	Viewed	Workspace	Results
(13107, 12)	Viewed	Keyword	Results
(42969, 9)	Viewed	Workspace	Results
(24803, 36)	Viewed	Keyword	Results
(6040, 3)	Viewed	Keyword	Saved
(46777, 2)	Viewed	Keyword	Results
(41771, 2)	Viewed	Workspace	Saved
(31276, 11)	Viewed	Workspace	Saved
(36103, 18)	Viewed	Workspace	Results
(44275, 25)	Viewed	Workspace	Results
(19891, 9)	Viewed	Workspace	Saved
(38462, 12)	Viewed	Workspace	Results
(27258, 8)	Viewed	Keyword	Results
(912, 4)	Viewed	Part	Results
(38538, 6)	Viewed	Part	Results
(17434, 15)	Viewed	Workspace	Results
(39086, 24)	Viewed	Part	Results
(41181, 16)	Viewed	Part	Results
(38053, 4)	Viewed	Workspace	Results
(46800, 3)	Viewed	Workspace	Saved
(25221, 4)	Viewed	Part	Saved
(46952, 3)	Viewed	Part	Saved
(47569, 2)	Viewed	Keyword	Results
(38998, 16)	Viewed	Part	Results
(34692, 39)	Viewed	Keyword	Results
(29913, 4)	Viewed	Part	Results
(5667, 2)	Viewed	Part	Results
(3586, 4)	Viewed	Keyword	Results
(6097, 77)	Viewed	Part	Saved
(41496, 21)	Viewed	Keyword	Results
(35136, 6)	Viewed	Workspace	Results
(44701, 3)	Viewed	Workspace	Results
(11648, 7)	Viewed	Keyword	Results
(27898, 6)	Viewed	Keyword	Saved
(10381, 5)	Viewed	Workspace	Results
(1591, 2)	Viewed	Part	Results
(29203, 14)	Viewed	Keyword	Results
(36101, 14)	Viewed	Part	Results
(2983, 8)	Viewed	Part	Results
(38580, 13)	Viewed	Keyword	Results
(48854, 10)	Viewed	Keyword	Saved
(13624, 8)	Viewed	Part	Saved
(16939, 8)	Viewed	Workspace	Results
(3672, 4)	Viewed	Part	Saved
(12305, 104)	Viewed	Keyword	Results
(34747, 6)	Viewed	Workspace	Results
(37279, 26)	Viewed	Workspace	Results
(44532, 9)	Viewed	Workspace	Results
(20875, 6)	Viewed	Workspace	Saved
(9960, 5)	Viewed	Workspace	Saved
(39039, 32)	Viewed	Part	Results
(45462, 20)	Viewed	Keyword	Results
(36086, 29)	Viewed	Part	Results
(12188, 39)	Viewed	Workspace	Results
(33571, 5)	Viewed	Workspace	Results
(18977, 9)	Viewed	Part	Saved
(36627, 6)	Viewed	Workspace	Results
(37809, 7)	Viewed	Workspace	Saved
(23136, 7)	Viewed	Workspace	Results
(23136, 8)	Viewed	Workspace	Results
(25170, 3)	Viewed	Part	Results
(4430, 5)	Viewed	Part	Results
(11550, 13)	Viewed	Part	Results
(43023, 6)	Viewed	Workspace	Results
(42203, 18)	Viewed	Workspace	Results
(12721, 95)	Viewed	Part	Results
(6965, 3)	Viewed	Part	Results
(29283, 3)	Viewed	Part	Saved
(11109, 11)	Viewed	Keyword	Results
(13676, 13)	Viewed	Keyword	Results
(45067, 15)	Viewed	Part	Results
(1283, 8)	Viewed	Part	Results
(22020, 3)	Viewed	Workspace	Results
(10157, 5)	Viewed	Workspace	Results
(340, 9)	Viewed	Workspace	Saved
(13160, 11)	Viewed	Keyword	Results
(39464, 1)	Viewed	Workspace	Saved
(43937, 19)	Viewed	Workspace	Results
(47019, 32)	Viewed	Part	Results
(10884, 2)	Viewed	Workspace	Results
(26376, 18)	Viewed	Keyword	Results
(13584, 10)	Viewed	Workspace	Results
(39723, 13)	Viewed	Part	Results
(2093, 8)	Viewed	Keyword	Results
(21819, 3)	Viewed	Part	Results
(33968, 6)	Viewed	Part	Results
(22478, 21)	Viewed	Part	Results
(11648, 51)	Viewed	Keyword	Results
(23756, 14)	Viewed	Workspace	Results
(3725, 4)	Viewed	Keyword	Results
(30801, 8)	Viewed	Keyword	Results
(898, 2)	Viewed	Workspace	Results
(40952, 13)	Viewed	Workspace	Saved
(20771, 10)	Viewed	Workspace	Results
(38733, 3)	Viewed	Workspace	Results
(32689, 29)	Viewed	Keyword	Saved
(26532, 9)	Viewed	Workspace	Results
(13036, 46)	Viewed	Part	Results
(11026, 4)	Viewed	Keyword	Results
(15510, 6)	Viewed	Workspace	Results
(1032, 3)	Viewed	Workspace	Results
(935, 4)	Viewed	Part	Results
(17947, 44)	Viewed	Part	Saved
(38457, 8)	Viewed	Workspace	Results
(47622, 2)	Viewed	Part	Results
(43820, 17)	Viewed	Part	Saved
(15173, 6)	Viewed	Part	Results
(3191, 39)	Viewed	Part	Results
(48541, 19)	Viewed	Part	Results
(35212, 4)	Viewed	Keyword	Results
(47445, 16)	Viewed	Keyword	Saved
(6663, 4)	Viewed	Part	Results
(24108, 6)	Viewed	Part	Results
(35768, 5)	Viewed	Workspace	Results
(15352, 3)	Viewed	Part	Results
(47507, 15)	Viewed	Keyword	Results
(26007, 7)	Viewed	Part	Saved
(12305, 15)	Viewed	Workspace	Saved
(22472, 4)	Viewed	Part	Results
(37515, 11)	Viewed	Workspace	Results
(42092, 3)	Viewed	Part	Results
(3941, 4)	Viewed	Keyword	Results
(23560, 20)	Viewed	Workspace	Saved
(6097, 119)	Viewed	Workspace	Results
(19126, 8)	Viewed	Workspace	Results
(6705, 2)	Viewed	Keyword	Results
(2070, 10)	Viewed	Part	Saved
(40566, 2)	Viewed	Keyword	Results
(12247, 3)	Viewed	Part	Saved
(26318, 11)	Viewed	Part	Results
(12188, 48)	Viewed	Workspace	Results
(21106, 18)	Viewed	Keyword	Results
(13107, 3)	Viewed	Keyword	Saved
(7344, 4)	Viewed	Keyword	Saved
(31276, 9)	Viewed	Workspace	Results
(23750, 54)	Viewed	Part	Results
(14078, 10)	Viewed	Workspace	Results
(758, 10)	Viewed	Workspace	Results
(11355, 7)	Viewed	Part	Saved
(36727, 5)	Viewed	Workspace	Results
(3171, 36)	Viewed	Part	Results
(21885, 7)	Viewed	Part	Results
(46429, 9)	Viewed	Part	Results
(29162, 7)	Viewed	Workspace	Results
(40600, 9)	Viewed	Workspace	Results
(1032, 4)	Viewed	Keyword	Results
(6336, 2)	Viewed	Keyword	Results
(24964, 3)	Viewed	Part	Results
(10902, 1)	Viewed	Keyword	Results
(3290, 8)	Viewed	Keyword	Results
(41960, 2)	Viewed	Workspace	Results
(37093, 2)	Viewed	Keyword	Results
(35989, 16)	Viewed	Part	Results
(47019, 2)	Viewed	Keyword	Results
(35989, 5)	Viewed	Part	Results
(15944, 4)	Viewed	Keyword	Results
(27189, 15)	Viewed	Workspace	Results
(19138, 10)	Viewed	Workspace	Saved
(35570, 18)	Viewed	Part	Results
(7322, 3)	Viewed	Part	Results
(15323, 14)	Viewed	Workspace	Results
(13749, 12)	Viewed	Part	Results
(192, 27)	Viewed	Part	Results
(27568, 4)	Viewed	Workspace	Results
(48694, 11)	Viewed	Part	Saved
(21210, 4)	Viewed	Part	Results
(30874, 3)	Viewed	Part	Results
(11323, 10)	Viewed	Part	Results
(10989, 2)	Viewed	Workspace	Saved
(25873, 4)	Viewed	Part	Results
(6336, 4)	Viewed	Part	Results
(32184, 40)	Viewed	Workspace	Results
(1718, 13)	Viewed	Part	Results
(49008, 31)	Viewed	Keyword	Results
(37318, 11)	Viewed	Workspace	Results
(6055, 2)	Viewed	Keyword	Results
(12266, 2)	Viewed	Keyword	Saved
(36256, 3)	Viewed	Workspace	Results
(46429, 2)	Viewed	Part	Results
(37032, 15)	Viewed	Workspace	Saved
(37109, 11)	Viewed	Workspace	Results
(41953, 27)	Viewed	Keyword	Results
(13379, 6)	Viewed	Part	Results
(8379, 1)	Viewed	Workspace	Results
(14082, 6)	Viewed	Keyword	Results
(48169, 51)	Viewed	Keyword	Saved
(3717, 5)	Viewed	Keyword	Results
(19207, 13)	Viewed	Keyword	Results
(3507, 4)	Viewed	Part	Results
(9022, 4)	Viewed	Workspace	Results
(6392, 2)	Viewed	Keyword	Results
(28196, 4)	Viewed	Workspace	Results
(45392, 13)	Viewed	Workspace	Results
(5850, 3)	Viewed	Part	Results
(39340, 15)	Viewed	Part	Results
(15868, 3)	Viewed	Workspace	Results
(2558, 12)	Viewed	Part	Saved
(1373, 6)	Viewed	Workspace	Results
(11482, 3)	Viewed	Keyword	Saved
(44270, 4)	Viewed	Workspace	Saved
(37279, 25)	Viewed	Workspace	Results
(5154, 2)	Viewed	Workspace	Results
(42495, 10)	Viewed	Workspace	Results
(49148, 38)	Viewed	Keyword	Results
(27229, 9)	Viewed	Part	Results
(1395, 9)	Viewed	Part	Results
(37828, 6)	Viewed	Part	Results
(30653, 3)	Viewed	Workspace	Results
(19971, 24)	Viewed	Part	Results
(11996, 9)	Viewed	Part	Results
(4045, 4)	Viewed	Keyword	Results
(1957, 11)	Viewed	Part	Results
(22106, 6)	Viewed	Workspace	Results
(16291, 10)	Viewed	Workspace	Saved
(27211, 3)	Viewed	Workspace	Results
(2925, 22)	Viewed	Part	Results
(13107, 5)	Viewed	Part	Results
(39643, 10)	Viewed	Part	Results
(1713, 4)	Viewed	Keyword	Results
(12402, 11)	Viewed	Part	Results
(44673, 9)	Viewed	Workspace	Results
(37298, 7)	Viewed	Part	Results
(14047, 11)	Viewed	Part	Saved
(11076, 4)	Viewed	Keyword	Results
(15180, 72)	Viewed	Keyword	Results
(498, 4)	Viewed	Keyword	Results
(15704, 15)	Viewed	Part	Results
(3957, 4)	Viewed	Workspace	Results
(10441, 2)	Viewed	Workspace	Saved
(40158, 11)	Viewed	Part	Results
(28769, 4)	Viewed	Part	Saved
(46400, 3)	Viewed	Part	Saved
(14579, 15)	Viewed	Part	Results
(28026, 6)	Viewed	Part	Saved
(45678, 42)	Viewed	Keyword	Results
(10431, 4)	Viewed	Keyword	Results
(6910, 3)	Viewed	Workspace	Saved
(6196, 5)	Viewed	Part	Results
(445, 2)	Viewed	Workspace	Results
(39011, 13)	Viewed	Keyword	Saved
(37093, 5)	Viewed	Keyword	Results
(16544, 21)	Viewed	Keyword	Results
(30807, 7)	Viewed	Workspace	Results
(27645, 12)	Viewed	Workspace	Results
(44818, 2)	Viewed	Keyword	Results
(37896, 6)	Viewed	Part	Results
(12305, 31)	Viewed	Workspace	Results
(42442, 15)	Viewed	Workspace	Results
(34766, 22)	Viewed	Part	Results
(14201, 9)	Viewed	Keyword	Results
(5866, 2)	Viewed	Keyword	Results
(7347, 12)	Viewed	Keyword	Results
(12188, 36)	Viewed	Workspace	Results
(42313, 5)	Viewed	Workspace	Results
(27105, 8)	Viewed	Part	Results
(9745, 2)	Viewed	Keyword	Results
(3358, 6)	Viewed	Keyword	Results
(10570, 5)	Viewed	Workspace	Results
(24932, 12)	Viewed	Workspace	Results
(41725, 31)	Viewed	Keyword	Saved
(5455, 7)	Viewed	Part	Results
(13681, 5)	Viewed	Keyword	Results
(16215, 31)	Viewed	Keyword	Results
(14886, 11)	Viewed	Workspace	Results
(46140, 17)	Viewed	Keyword	Results
(39446, 24)	Viewed	Keyword	Results
(36557, 9)	Viewed	Workspace	Saved
(6874, 2)	Viewed	Workspace	Results
(1418, 2)	Viewed	Part	Results
(6318, 3)	Viewed	Part	Results
(1856, 7)	Viewed	Keyword	Results
(15605, 42)	Viewed	Part	Saved
(1769, 3)	Viewed	Keyword	Results
(45690, 10)	Viewed	Workspace	Results
(43743, 9)	Viewed	Workspace	Results
(45327, 33)	Viewed	Workspace	Results
(419, 2)	Viewed	Workspace	Results
(10600, 18)	Viewed	Keyword	Results
(23136, 16)	Viewed	Part	Saved
(6228, 2)	Viewed	Keyword	Results
(1481, 5)	Viewed	Keyword	Saved
(12316, 37)	Viewed	Keyword	Results
(6318, 5)	Viewed	Part	Results
(12014, 10)	Viewed	Workspace	Saved
(31543, 14)	Viewed	Workspace	Results
(39001, 12)	Viewed	Part	Results
(47321, 8)	Viewed	Keyword	Saved
(43179, 5)	Viewed	Workspace	Results
(34275, 55)	Viewed	Part	Results
(32917, 4)	Viewed	Part	Results
(32431, 7)	Viewed	Keyword	Results
(28212, 8)	Viewed	Keyword	Saved
(11946, 8)	Viewed	Workspace	Results
(40025, 3)	Viewed	Part	Results
(46699, 10)	Viewed	Keyword	Results
(21095, 28)	Viewed	Keyword	Results
(16048, 11)	Viewed	Part	Results
(22258, 6)	Viewed	Part	Results
(47188, 38)	Viewed	Part	Results
(48541, 27)	Viewed	Part	Results
(24222, 14)	Viewed	Keyword	Results
(426, 2)	Viewed	Workspace	Results
(4193, 3)	Viewed	Part	Results
(38453, 2)	Viewed	Keyword	Results
(44655, 13)	Viewed	Workspace	Results
(39580, 5)	Viewed	Workspace	Results
(3941, 3)	Viewed	Keyword	Results
(3394, 5)	Viewed	Part	Results
(27005, 21)	Viewed	Keyword	Saved
(23982, 4)	Viewed	Part	Results
(2457, 14)	Viewed	Workspace	Saved
(10960, 4)	Viewed	Keyword	Results
(21673, 3)	Viewed	Part	Results
(13413, 6)	Viewed	Keyword	Results
(909, 2)	Viewed	Workspace	Results
(26924, 3)	Viewed	Part	Saved
(39523, 8)	Viewed	Workspace	Saved
(36403, 12)	Viewed	Workspace	Results
(19279, 5)	Viewed	Workspace	Saved
(40989, 15)	Viewed	Workspace	Results
(11796, 1)	Viewed	Keyword	Saved
(16048, 9)	Viewed	Workspace	Results
(5731, 2)	Viewed	Keyword	Saved
(29450, 7)	Viewed	Keyword	Results
(23560, 19)	Viewed	Workspace	Results
(44769, 9)	Viewed	Workspace	Saved
(28512, 6)	Viewed	Workspace	Saved
(17237, 3)	Viewed	Keyword	Results
(48673, 59)	Viewed	Keyword	Saved
(36086, 38)	Viewed	Part	Saved
(11109, 18)	Viewed	Workspace	Saved
(862, 2)	Viewed	Part	Results
(5667, 4)	Viewed	Part	Results
(9717, 4)	Viewed	Keyword	Results
(30653, 4)	Viewed	Workspace	Saved
(12014, 7)	Viewed	Keyword	Saved
(6411, 2)	Viewed	Keyword	Results
(23756, 4)	Viewed	Workspace	Results
(11993, 50)	Viewed	Keyword	Results
(27189, 8)	Viewed	Part	Results
(22577, 3)	Viewed	Part	Results
(10471, 3)	Viewed	Workspace	Results
(40493, 35)	Viewed	Workspace	Saved
(12188, 26)	Viewed	Workspace	Results
(21885, 6)	Viewed	Part	Results
(7743, 11)	Viewed	Part	Results
(39520, 5)	Viewed	Workspace	Results
(21758, 4)	Viewed	Keyword	Results
(45449, 4)	Viewed	Workspace	Results
(48673, 52)	Viewed	Keyword	Results
(11847, 5)	Viewed	Keyword	Results
(10769, 87)	Viewed	Part	Saved
(11624, 3)	Viewed	Part	Results
(39461, 12)	Viewed	Part	Results
(14188, 7)	Viewed	Workspace	Results
(1990, 4)	Viewed	Part	Saved
(12402, 2)	Viewed	Keyword	Saved
(13413, 19)	Viewed	Keyword	Results
(46560, 7)	Viewed	Workspace	Saved
(4959, 1)	Viewed	Keyword	Saved
(39814, 10)	Viewed	Workspace	Results
(11165, 3)	Viewed	Part	Results
(40236, 18)	Viewed	Workspace	Results
(4754, 2)	Viewed	Keyword	Results
(17606, 5)	Viewed	Part	Results
(39631, 8)	Viewed	Part	Results
(16475, 3)	Viewed	Part	Results
(12188, 15)	Viewed	Workspace	Saved
(1713, 16)	Viewed	Workspace	Results
(24920, 8)	Viewed	Workspace	Results
(46421, 18)	Viewed	Workspace	Results
(14813, 8)	Viewed	Keyword	Results
(11109, 2)	Viewed	Part	Results
(20040, 4)	Viewed	Part	Results
(38902, 5)	Viewed	Workspace	Results
(13681, 13)	Viewed	Keyword	Results
(5458, 3)	Viewed	Keyword	Results
(18755, 4)	Viewed	Workspace	Results
(26792, 22)	Viewed	Part	Saved
(13107, 25)	Viewed	Keyword	Results
(35989, 13)	Viewed	Keyword	Results
(4180, 2)	Viewed	Keyword	Results
(46421, 2)	Viewed	Workspace	Results
(11109, 21)	Viewed	Keyword	Saved
(13580, 8)	Viewed	Keyword	Results
(39516, 11)	Viewed	Workspace	Results
(40502, 4)	Viewed	Part	Saved
(20990, 8)	Viewed	Part	Results
(27168, 15)	Viewed	Keyword	Saved
(2249, 15)	Viewed	Part	Results
(36086, 36)	Viewed	Keyword	Saved
(12412, 3)	Viewed	Workspace	Results
(14783, 9)	Viewed	Part	Saved
(1747, 7)	Viewed	Part	Results
(7238, 7)	Viewed	Keyword	Results
(3191, 40)	Viewed	Part	Results
(1167, 4)	Viewed	Keyword	Results
(27331, 25)	Viewed	Workspace	Saved
(10600, 20)	Viewed	Keyword	Results
(42372, 12)	Viewed	Workspace	Results
(4366, 3)	Viewed	Keyword	Results
(10833, 2)	Viewed	Part	Saved
(10497, 36)	Viewed	Workspace	Saved
(37390, 1)	Viewed	Workspace	Results
(14911, 12)	Viewed	Keyword	Results
(47119, 71)	Viewed	Part	Results
(7768, 60)	Viewed	Part	Results
(17248, 5)	Viewed	Keyword	Results
(30564, 46)	Viewed	Part	Results
(42294, 2)	Viewed	Workspace	Results
(1180, 3)	Viewed	Workspace	Results
(6243, 7)	Viewed	Part	Results
(11604, 8)	Viewed	Workspace	Results
(16841, 6)	Viewed	Keyword	Results
(23788, 32)	Viewed	Part	Results
(3728, 4)	Viewed	Keyword	Results
(48907, 19)	Viewed	Keyword	Saved
(13036, 48)	Viewed	Keyword	Results
(23560, 18)	Viewed	Workspace	Results
(1990, 6)	Viewed	Part	Results
(45365, 6)	Viewed	Part	Saved
(38288, 7)	Viewed	Workspace	Results
(46421, 16)	Viewed	Workspace	Results
(31107, 3)	Viewed	Keyword	Results
(5035, 4)	Viewed	Part	Results
(32541, 6)	Viewed	Keyword	Results
(34024, 4)	Viewed	Workspace	Saved
(1395, 3)	Viewed	Part	Results
(10504, 4)	Viewed	Part	Saved
(6814, 7)	Viewed	Keyword	Saved
(21282, 10)	Viewed	Part	Results
(43394, 14)	Viewed	Part	Results
(3381, 2)	Viewed	Keyword	Saved
(29028, 4)	Viewed	Part	Saved
(168, 6)	Viewed	Workspace	Results
(30653, 6)	Viewed	Part	Results
(9955, 5)	Viewed	Workspace	Results
(39035, 23)	Viewed	Workspace	Results
(10706, 3)	Viewed	Keyword	Results
(3152, 8)	Viewed	Workspace	Results
(3656, 2)	Viewed	Part	Results
(11964, 30)	Viewed	Part	Saved
(11355, 8)	Viewed	Part	Saved
(28974, 3)	Viewed	Workspace	Results
(29491, 4)	Viewed	Part	Saved
(39779, 1)	Viewed	Workspace	Results
(28316, 42)	Viewed	Keyword	Results
(1165, 3)	Viewed	Workspace	Saved
(23756, 11)	Viewed	Workspace	Results
(34160, 3)	Viewed	Workspace	Results
(29835, 23)	Viewed	Part	Results
(38489, 18)	Viewed	Workspace	Results
(47093, 2)	Viewed	Part	Saved
(2812, 8)	Viewed	Keyword	Results
(5646, 1)	Viewed	Part	Results
(49220, 2)	Viewed	Keyword	Results
(6026, 2)	Viewed	Keyword	Results
(13676, 21)	Viewed	Keyword	Results
(7760, 40)	Viewed	Part	Results
(34617, 25)	Viewed	Part	Results
(23136, 18)	Viewed	Keyword	Saved
(27209, 11)	Viewed	Part	Results
(45100, 6)	Viewed	Keyword	Results
(40555, 15)	Viewed	Workspace	Results
(4887, 2)	Viewed	Keyword	Results
(26792, 23)	Viewed	Part	Saved
(45738, 7)	Viewed	Part	Saved
(14184, 3)	Viewed	Workspace	Results
(46800, 4)	Viewed	Workspace	Saved
(29203, 16)	Viewed	Part	Results
(3438, 2)	Viewed	Keyword	Results
(7278, 8)	Viewed	Part	Results
(29089, 4)	Viewed	Workspace	Results
(18775, 4)	Viewed	Keyword	Results
(24634, 3)	Viewed	Part	Saved
(19756, 7)	Viewed	Part	Saved
(27023, 3)	Viewed	Part	Results
(40025, 10)	Viewed	Workspace	Results
(10926, 115)	Viewed	Part	Saved
(43142, 43)	Viewed	Keyword	Results
(3156, 14)	Viewed	Part	Saved
(38346, 6)	Viewed	Part	Results
(48210, 15)	Viewed	Keyword	Results
(19312, 4)	Viewed	Keyword	Results
(2758, 12)	Viewed	Part	Results
(3537, 4)	Viewed	Keyword	Results
(42524, 20)	Viewed	Workspace	Results
(41729, 17)	Viewed	Workspace	Results
(41093, 11)	Viewed	Part	Results
(18511, 4)	Viewed	Part	Results
(47119, 31)	Viewed	Part	Results
(45011, 6)	Viewed	Workspace	Results
(14247, 4)	Viewed	Part	Saved
(24664, 3)	Viewed	Part	Results
(16092, 11)	Viewed	Workspace	Results
(46111, 4)	Viewed	Part	Results
(8405, 2)	Viewed	Keyword	Results
(19979, 6)	Viewed	Workspace	Saved
(47116, 20)	Viewed	Keyword	Results
(6878, 4)	Viewed	Part	Results
(12088, 2)	Viewed	Keyword	Saved
(48387, 22)	Viewed	Part	Results
(1735, 4)	Viewed	Workspace	Results
(46948, 3)	Viewed	Part	Saved
(34637, 6)	Viewed	Keyword	Results
(4389, 2)	Viewed	Keyword	Results
(44502, 22)	Viewed	Workspace	Results
(12188, 8)	Viewed	Workspace	Results
(18124, 46)	Viewed	Keyword	Results
(41671, 2)	Viewed	Workspace	Saved
(6089, 2)	Viewed	Keyword	Results
(7118, 2)	Viewed	Workspace	Results
(41749, 6)	Viewed	Part	Saved
(13681, 21)	Viewed	Keyword	Results
(27898, 4)	Viewed	Workspace	Results
(40952, 8)	Viewed	Workspace	Results
(46377, 15)	Viewed	Keyword	Results
(45766, 35)	Viewed	Keyword	Results
(27170, 4)	Viewed	Workspace	Results
(45156, 2)	Viewed	Keyword	Results
(37328, 3)	Viewed	Workspace	Results
(7768, 63)	Viewed	Part	Results
(32689, 5)	Viewed	Keyword	Results
(16343, 8)	Viewed	Part	Saved
(30341, 11)	Viewed	Keyword	Results
(40389, 12)	Viewed	Workspace	Results
(49008, 53)	Viewed	Keyword	Results
(42149, 7)	Viewed	Workspace	Results
(894, 2)	Viewed	Workspace	Results
(30078, 11)	Viewed	Keyword	Results
(37109, 7)	Viewed	Workspace	Results
(5630, 3)	Viewed	Keyword	Results
(39409, 3)	Viewed	Workspace	Results
(40520, 9)	Viewed	Workspace	Results
(24436, 11)	Viewed	Workspace	Results
(34160, 6)	Viewed	Part	Results
(45690, 36)	Viewed	Part	Results
(5234, 5)	Viewed	Workspace	Results
(23001, 11)	Viewed	Part	Saved
(30564, 33)	Viewed	Keyword	Results
(22571, 6)	Viewed	Workspace	Saved
(12305, 70)	Viewed	Workspace	Results
(7254, 2)	Viewed	Workspace	Results
(10884, 5)	Viewed	Workspace	Saved
(31518, 15)	Viewed	Workspace	Results
(30989, 9)	Viewed	Workspace	Results
(20937, 15)	Viewed	Keyword	Results
(4163, 3)	Viewed	Part	Results
(12188, 40)	Viewed	Workspace	Saved
(8463, 1)	Viewed	Keyword	Saved
(18513, 17)	Viewed	Part	Results
(21095, 5)	Viewed	Workspace	Saved
(10471, 2)	Viewed	Workspace	Results
(27331, 24)	Viewed	Workspace	Results
(30341, 4)	Viewed	Part	Saved
(40210, 28)	Viewed	Keyword	Results
(4575, 7)	Viewed	Workspace	Results
(37494, 8)	Viewed	Workspace	Results
(14296, 9)	Viewed	Keyword	Results
(3661, 3)	Viewed	Keyword	Saved
(13580, 13)	Viewed	Part	Results
(12425, 33)	Viewed	Keyword	Saved
(35570, 17)	Viewed	Part	Results
(41749, 11)	Viewed	Workspace	Results
(15084, 13)	Viewed	Workspace	Saved
(34596, 18)	Viewed	Part	Saved
(44770, 8)	Viewed	Workspace	Results
(44441, 13)	Viewed	Part	Results
(7278, 5)	Viewed	Keyword	Results
(9955, 7)	Viewed	Part	Results
(1045, 3)	Viewed	Workspace	Results
(7212, 4)	Viewed	Workspace	Results
(47686, 14)	Viewed	Keyword	Saved
(46423, 7)	Viewed	Workspace	Results
(12721, 93)	Viewed	Part	Saved
(12230, 7)	Viewed	Keyword	Saved
(38274, 8)	Viewed	Workspace	Results
(6315, 2)	Viewed	Keyword	Saved
(37279, 24)	Viewed	Workspace	Saved
(39039, 6)	Viewed	Workspace	Results
(38453, 13)	Viewed	Part	Saved
(3362, 14)	Viewed	Workspace	Saved
(33434, 37)	Viewed	Workspace	Results
(43368, 3)	Viewed	Workspace	Saved
(7278, 4)	Viewed	Keyword	Saved
(40724, 9)	Viewed	Keyword	Results
(41139, 16)	Viewed	Part	Results
(24088, 4)	Viewed	Part	Results
(46377, 2)	Viewed	Workspace	Saved
(17258, 7)	Viewed	Part	Results
(11180, 1)	Viewed	Keyword	Results
(6301, 2)	Viewed	Keyword	Results
(23736, 5)	Viewed	Keyword	Results
(4158, 2)	Viewed	Keyword	Results
(1023, 3)	Viewed	Workspace	Results
(5004, 3)	Viewed	Workspace	Results
(34766, 30)	Viewed	Part	Results
(13621, 9)	Viewed	Keyword	Saved
(44769, 18)	Viewed	Workspace	Results
(23249, 13)	Viewed	Keyword	Results
(26509, 4)	Viewed	Part	Results
(10923, 4)	Viewed	Keyword	Results
(35725, 17)	Viewed	Keyword	Results
(19269, 7)	Viewed	Part	Results
(21885, 9)	Viewed	Part	Results
(46429, 8)	Viewed	Keyword	Saved
(27645, 13)	Viewed	Workspace	Results
(42010, 4)	Viewed	Workspace	Saved
(42049, 16)	Viewed	Part	Results
(36106, 2)	Viewed	Workspace	Results
(29835, 25)	Viewed	Part	Results
(7282, 4)	Viewed	Part	Saved
(1522, 3)	Viewed	Keyword	Saved
(11793, 5)	Viewed	Workspace	Results
(45327, 2)	Viewed	Part	Results
(15154, 15)	Viewed	Workspace	Results
(19316, 4)	Viewed	Keyword	Results
(35538, 20)	Viewed	Keyword	Results
(4331, 2)	Viewed	Keyword	Results
(37607, 26)	Viewed	Part	Results
(48135, 6)	Viewed	Part	Saved
(10893, 5)	Viewed	Workspace	Results
(47119, 119)	Viewed	Keyword	Saved
(11550, 2)	Viewed	Workspace	Saved
(23842, 3)	Viewed	Part	Saved
(1661, 7)	Viewed	Part	Results
(3362, 17)	Viewed	Part	Results
(2804, 12)	Viewed	Part	Results
(5781, 3)	Viewed	Part	Results
(36908, 18)	Viewed	Workspace	Results
(4959, 3)	Viewed	Part	Results
(46961, 12)	Viewed	Part	Results
(41161, 12)	Viewed	Part	Results
(22187, 18)	Viewed	Part	Results
(3428, 2)	Viewed	Keyword	Results
(17539, 3)	Viewed	Keyword	Results
(43374, 17)	Viewed	Part	Results
(2379, 9)	Viewed	Workspace	Results
(12216, 2)	Viewed	Part	Saved
(10271, 3)	Viewed	Keyword	Results
(5451, 2)	Viewed	Part	Results
(9850, 5)	Viewed	Keyword	Results
(19067, 4)	Viewed	Part	Results
(1147, 3)	Viewed	Workspace	Results
(38727, 7)	Viewed	Workspace	Results
(16939, 20)	Viewed	Workspace	Results
(10888, 49)	Viewed	Keyword	Results
(3930, 2)	Viewed	Part	Results
(37965, 2)	Viewed	Keyword	Saved
(6315, 3)	Viewed	Keyword	Saved
(510, 22)	Viewed	Part	Results
(24744, 11)	Viewed	Workspace	Saved
(1744, 2)	Viewed	Workspace	Results
(31747, 24)	Viewed	Part	Results
(12357, 2)	Viewed	Keyword	Saved
(48142, 22)	Viewed	Keyword	Results
(36106, 10)	Viewed	Workspace	Results
(6471, 2)	Viewed	Keyword	Results
(20339, 27)	Viewed	Part	Results
(12506, 7)	Viewed	Part	Saved
(28430, 3)	Viewed	Part	Results
(45580, 14)	Viewed	Keyword	Saved
(15650, 6)	Viewed	Part	Results
(2457, 16)	Viewed	Workspace	Results
(46777, 24)	Viewed	Workspace	Results
(11032, 2)	Viewed	Workspace	Saved
(22409, 3)	Viewed	Keyword	Results
(5871, 2)	Viewed	Keyword	Results
(12238, 3)	Viewed	Keyword	Saved
(5011, 1)	Viewed	Keyword	Saved
(10888, 47)	Viewed	Workspace	Results
(48438, 9)	Viewed	Part	Results
(13323, 4)	Viewed	Workspace	Results
(25493, 40)	Viewed	Part	Results
(29835, 11)	Viewed	Workspace	Results
(23231, 3)	Viewed	Part	Results
(6243, 2)	Viewed	Keyword	Results
(12190, 7)	Viewed	Keyword	Saved
(11701, 2)	Viewed	Part	Saved
(10887, 3)	Viewed	Keyword	Results
(19193, 4)	Viewed	Part	Results
(45353, 28)	Viewed	Keyword	Results
(44250, 4)	Viewed	Workspace	Results
(10893, 2)	Viewed	Workspace	Results
(16841, 12)	Viewed	Keyword	Results
(5348, 2)	Viewed	Keyword	Results
(16009, 7)	Viewed	Part	Results
(44571, 2)	Viewed	Workspace	Results
(19648, 4)	Viewed	Workspace	Results
(10837, 6)	Viewed	Keyword	Results
(12316, 33)	Viewed	Keyword	Results
(14405, 6)	Viewed	Workspace	Results
(47507, 11)	Viewed	Keyword	Results
(19891, 7)	Viewed	Workspace	Results
(312, 8)	Viewed	Part	Results
(7040, 3)	Viewed	Workspace	Results
(11130, 3)	Viewed	Part	Results
(26905, 4)	Viewed	Workspace	Results
(31247, 10)	Viewed	Part	Results
(811, 7)	Viewed	Part	Results
(23560, 8)	Viewed	Workspace	Results
(11355, 42)	Viewed	Keyword	Results
(34186, 8)	Viewed	Workspace	Saved
(10272, 5)	Viewed	Part	Results
(42578, 14)	Viewed	Part	Results
(46699, 7)	Viewed	Workspace	Saved
(13452, 10)	Viewed	Keyword	Results
(22726, 4)	Viewed	Part	Results
